Year,Quarter,Month,Month_Num,Market,Category,Brand,Channel,Type,Base_NR_AUD000,Trade_Promo_AUD000,Net_Revenue_AUD000,COGS_AUD000,Gross_Profit_AUD000,OPEX_AUD000,EBITDA_AUD000,Volume_Units,Budget_NR_AUD000,Variance_NR_AUD000,PY_NR_AUD000
2023,Q1,Jan,1,Australia,Home Care,BrandZ,Modern Trade,Primary,2431.0,230.0,2201.0,917.0,1284.0,346.0,938.0,3833,2241.0,-40.0,2158.0
2023,Q1,Jan,1,Australia,Personal Care,BrandX,Modern Trade,Primary,1281.0,141.0,1140.0,460.0,680.0,187.0,493.0,3424,1161.0,-21.0,1046.0
2023,Q1,Jan,1,Australia,Health & Nutrition,BrandZ,B2B,Primary,2469.0,221.0,2248.0,1013.0,1235.0,381.0,854.0,1468,2377.0,-129.0,2017.0
2023,Q1,Jan,1,New Zealand,Home Care,BrandY,Modern Trade,Secondary,2664.0,310.0,2354.0,1170.0,1184.0,473.0,711.0,2913,2578.0,-224.0,2223.0
2023,Q1,Jan,1,New Zealand,Personal Care,BrandZ,B2B,Secondary,2070.0,253.0,1817.0,737.0,1080.0,302.0,778.0,1802,1698.0,119.0,1671.0
2023,Q1,Jan,1,New Zealand,Health & Nutrition,BrandX,Pharmacy,Secondary,1798.0,234.0,1564.0,656.0,908.0,273.0,635.0,3515,1636.0,-72.0,1558.0
2023,Q1,Jan,1,India,Home Care,BrandX,E-Commerce,Primary,1159.0,119.0,1040.0,539.0,501.0,203.0,298.0,3006,1085.0,-45.0,1064.0
2023,Q1,Jan,1,India,Personal Care,BrandX,E-Commerce,Primary,2571.0,268.0,2303.0,939.0,1364.0,493.0,871.0,3052,2416.0,-113.0,2110.0
2023,Q1,Jan,1,India,Health & Nutrition,BrandY,Pharmacy,Secondary,1114.0,98.0,1016.0,497.0,519.0,191.0,328.0,3861,1013.0,3.0,995.0
2023,Q1,Jan,1,UAE,Home Care,BrandY,E-Commerce,Primary,1921.0,164.0,1757.0,713.0,1044.0,277.0,767.0,3323,1867.0,-110.0,1672.0
2023,Q1,Jan,1,UAE,Personal Care,BrandX,Pharmacy,Secondary,2111.0,228.0,1883.0,810.0,1073.0,355.0,718.0,4740,1963.0,-80.0,1694.0
2023,Q1,Jan,1,UAE,Health & Nutrition,BrandZ,B2B,Secondary,1045.0,111.0,934.0,424.0,510.0,202.0,308.0,4441,904.0,30.0,901.0
2023,Q1,Jan,1,South Africa,Home Care,BrandX,Modern Trade,Secondary,2652.0,293.0,2359.0,1000.0,1359.0,416.0,943.0,1226,2575.0,-216.0,2446.0
2023,Q1,Jan,1,South Africa,Personal Care,BrandX,B2B,Secondary,843.0,114.0,729.0,368.0,361.0,152.0,209.0,1883,678.0,51.0,750.0
2023,Q1,Jan,1,South Africa,Health & Nutrition,BrandX,Modern Trade,Secondary,2595.0,360.0,2235.0,1037.0,1198.0,355.0,843.0,3468,2437.0,-202.0,2030.0
2023,Q1,Feb,2,Australia,Home Care,BrandZ,Pharmacy,Primary,2844.0,356.0,2488.0,1201.0,1287.0,497.0,790.0,2295,2590.0,-102.0,2347.0
2023,Q1,Feb,2,Australia,Personal Care,BrandZ,Pharmacy,Primary,1345.0,113.0,1232.0,496.0,736.0,233.0,503.0,3147,1135.0,97.0,1232.0
2023,Q1,Feb,2,Australia,Health & Nutrition,BrandX,E-Commerce,Primary,2792.0,367.0,2425.0,991.0,1434.0,404.0,1030.0,3510,2325.0,100.0,2189.0
2023,Q1,Feb,2,New Zealand,Home Care,BrandZ,Pharmacy,Primary,2526.0,324.0,2202.0,931.0,1271.0,345.0,926.0,2439,2194.0,8.0,2113.0
2023,Q1,Feb,2,New Zealand,Personal Care,BrandZ,Modern Trade,Primary,933.0,115.0,818.0,406.0,412.0,129.0,283.0,1362,832.0,-14.0,739.0
2023,Q1,Feb,2,New Zealand,Health & Nutrition,BrandX,B2B,Secondary,1350.0,183.0,1167.0,529.0,638.0,245.0,393.0,2976,1084.0,83.0,1225.0
2023,Q1,Feb,2,India,Home Care,BrandX,Modern Trade,Primary,1166.0,127.0,1039.0,442.0,597.0,185.0,412.0,763,1027.0,12.0,1088.0
2023,Q1,Feb,2,India,Personal Care,BrandY,Pharmacy,Secondary,1731.0,238.0,1493.0,776.0,717.0,282.0,435.0,3732,1415.0,78.0,1389.0
2023,Q1,Feb,2,India,Health & Nutrition,BrandX,Modern Trade,Secondary,926.0,107.0,819.0,377.0,442.0,172.0,270.0,1208,895.0,-76.0,732.0
2023,Q1,Feb,2,UAE,Home Care,BrandX,Modern Trade,Primary,2285.0,215.0,2070.0,858.0,1212.0,440.0,772.0,1607,2126.0,-56.0,2040.0
2023,Q1,Feb,2,UAE,Personal Care,BrandY,B2B,Secondary,1249.0,154.0,1095.0,469.0,626.0,195.0,431.0,3522,1067.0,28.0,1022.0
2023,Q1,Feb,2,UAE,Health & Nutrition,BrandX,Modern Trade,Secondary,2167.0,247.0,1920.0,791.0,1129.0,360.0,769.0,2776,1812.0,108.0,1804.0
2023,Q1,Feb,2,South Africa,Home Care,BrandX,E-Commerce,Secondary,1427.0,152.0,1275.0,593.0,682.0,218.0,464.0,4927,1358.0,-83.0,1237.0
2023,Q1,Feb,2,South Africa,Personal Care,BrandZ,B2B,Primary,2866.0,252.0,2614.0,1082.0,1532.0,412.0,1120.0,2989,2533.0,81.0,2569.0
2023,Q1,Feb,2,South Africa,Health & Nutrition,BrandZ,B2B,Primary,2312.0,303.0,2009.0,925.0,1084.0,337.0,747.0,4586,1867.0,142.0,1985.0
2023,Q1,Mar,3,Australia,Home Care,BrandY,Modern Trade,Primary,1534.0,135.0,1399.0,724.0,675.0,226.0,449.0,2488,1465.0,-66.0,1365.0
2023,Q1,Mar,3,Australia,Personal Care,BrandX,Modern Trade,Primary,2000.0,260.0,1740.0,818.0,922.0,279.0,643.0,1073,1697.0,43.0,1797.0
2023,Q1,Mar,3,Australia,Health & Nutrition,BrandX,B2B,Primary,2301.0,276.0,2025.0,896.0,1129.0,383.0,746.0,4436,2218.0,-193.0,2040.0
2023,Q1,Mar,3,New Zealand,Home Care,BrandX,E-Commerce,Primary,2739.0,223.0,2516.0,1229.0,1287.0,436.0,851.0,4688,2678.0,-162.0,2584.0
2023,Q1,Mar,3,New Zealand,Personal Care,BrandX,B2B,Primary,2532.0,219.0,2313.0,1167.0,1146.0,486.0,660.0,1500,2468.0,-155.0,2216.0
2023,Q1,Mar,3,New Zealand,Health & Nutrition,BrandY,E-Commerce,Primary,852.0,78.0,774.0,340.0,434.0,163.0,271.0,4851,751.0,23.0,766.0
2023,Q1,Mar,3,India,Home Care,BrandY,B2B,Primary,1054.0,146.0,908.0,383.0,525.0,197.0,328.0,1694,853.0,55.0,866.0
2023,Q1,Mar,3,India,Personal Care,BrandZ,B2B,Secondary,2134.0,236.0,1898.0,847.0,1051.0,361.0,690.0,1646,1988.0,-90.0,1671.0
2023,Q1,Mar,3,India,Health & Nutrition,BrandZ,E-Commerce,Secondary,1749.0,239.0,1510.0,771.0,739.0,292.0,447.0,3485,1423.0,87.0,1560.0
2023,Q1,Mar,3,UAE,Home Care,BrandZ,B2B,Secondary,1518.0,185.0,1333.0,622.0,711.0,218.0,493.0,3492,1317.0,16.0,1343.0
2023,Q1,Mar,3,UAE,Personal Care,BrandX,B2B,Secondary,2005.0,160.0,1845.0,802.0,1043.0,332.0,711.0,3109,1915.0,-70.0,1769.0
2023,Q1,Mar,3,UAE,Health & Nutrition,BrandY,E-Commerce,Secondary,2546.0,350.0,2196.0,1072.0,1124.0,431.0,693.0,1777,2283.0,-87.0,2164.0
2023,Q1,Mar,3,South Africa,Home Care,BrandX,E-Commerce,Secondary,1294.0,119.0,1175.0,473.0,702.0,196.0,506.0,2638,1261.0,-86.0,1049.0
2023,Q1,Mar,3,South Africa,Personal Care,BrandY,E-Commerce,Secondary,1888.0,179.0,1709.0,818.0,891.0,257.0,634.0,3879,1809.0,-100.0,1535.0
2023,Q1,Mar,3,South Africa,Health & Nutrition,BrandY,E-Commerce,Primary,2569.0,313.0,2256.0,1028.0,1228.0,426.0,802.0,4628,2125.0,131.0,2036.0
2023,Q2,Apr,4,Australia,Home Care,BrandY,B2B,Secondary,2148.0,265.0,1883.0,867.0,1016.0,392.0,624.0,2965,2036.0,-153.0,1895.0
2023,Q2,Apr,4,Australia,Personal Care,BrandY,Pharmacy,Secondary,2454.0,320.0,2134.0,925.0,1209.0,436.0,773.0,2680,2055.0,79.0,2037.0
2023,Q2,Apr,4,Australia,Health & Nutrition,BrandZ,B2B,Primary,1398.0,139.0,1259.0,585.0,674.0,201.0,473.0,1540,1316.0,-57.0,1259.0
2023,Q2,Apr,4,New Zealand,Home Care,BrandX,Pharmacy,Secondary,1528.0,165.0,1363.0,555.0,808.0,284.0,524.0,2252,1443.0,-80.0,1419.0
2023,Q2,Apr,4,New Zealand,Personal Care,BrandX,Pharmacy,Secondary,813.0,82.0,731.0,358.0,373.0,153.0,220.0,4790,728.0,3.0,736.0
2023,Q2,Apr,4,New Zealand,Health & Nutrition,BrandZ,E-Commerce,Secondary,1283.0,136.0,1147.0,463.0,684.0,199.0,485.0,3556,1139.0,8.0,1042.0
2023,Q2,Apr,4,India,Home Care,BrandY,E-Commerce,Primary,2795.0,323.0,2472.0,1185.0,1287.0,385.0,902.0,2428,2660.0,-188.0,2252.0
2023,Q2,Apr,4,India,Personal Care,BrandY,Pharmacy,Secondary,1266.0,126.0,1140.0,560.0,580.0,201.0,379.0,3884,1220.0,-80.0,1052.0
2023,Q2,Apr,4,India,Health & Nutrition,BrandX,Pharmacy,Primary,2448.0,203.0,2245.0,1154.0,1091.0,372.0,719.0,808,2452.0,-207.0,1991.0
2023,Q2,Apr,4,UAE,Home Care,BrandX,E-Commerce,Primary,2646.0,310.0,2336.0,1001.0,1335.0,428.0,907.0,1014,2548.0,-212.0,2240.0
2023,Q2,Apr,4,UAE,Personal Care,BrandY,B2B,Primary,2133.0,294.0,1839.0,894.0,945.0,376.0,569.0,1236,1795.0,44.0,1799.0
2023,Q2,Apr,4,UAE,Health & Nutrition,BrandY,Pharmacy,Secondary,2871.0,264.0,2607.0,1228.0,1379.0,543.0,836.0,1592,2726.0,-119.0,2428.0
2023,Q2,Apr,4,South Africa,Home Care,BrandZ,Modern Trade,Primary,1564.0,165.0,1399.0,622.0,777.0,259.0,518.0,2035,1501.0,-102.0,1427.0
2023,Q2,Apr,4,South Africa,Personal Care,BrandX,Pharmacy,Secondary,2198.0,285.0,1913.0,928.0,985.0,345.0,640.0,3802,2092.0,-179.0,1771.0
2023,Q2,Apr,4,South Africa,Health & Nutrition,BrandZ,Pharmacy,Secondary,1758.0,218.0,1540.0,666.0,874.0,323.0,551.0,4238,1441.0,99.0,1586.0
2023,Q2,May,5,Australia,Home Care,BrandX,Pharmacy,Secondary,1540.0,169.0,1371.0,602.0,769.0,252.0,517.0,2096,1325.0,46.0,1272.0
2023,Q2,May,5,Australia,Personal Care,BrandZ,B2B,Primary,1937.0,177.0,1760.0,755.0,1005.0,314.0,691.0,2998,1695.0,65.0,1691.0
2023,Q2,May,5,Australia,Health & Nutrition,BrandZ,Pharmacy,Secondary,2544.0,218.0,2326.0,992.0,1334.0,462.0,872.0,1877,2383.0,-57.0,2234.0
2023,Q2,May,5,New Zealand,Home Care,BrandZ,B2B,Secondary,2993.0,338.0,2655.0,1174.0,1481.0,483.0,998.0,1879,2553.0,102.0,2662.0
2023,Q2,May,5,New Zealand,Personal Care,BrandY,Modern Trade,Primary,1221.0,152.0,1069.0,463.0,606.0,204.0,402.0,3920,1098.0,-29.0,1119.0
2023,Q2,May,5,New Zealand,Health & Nutrition,BrandX,B2B,Primary,1594.0,156.0,1438.0,697.0,741.0,228.0,513.0,704,1337.0,101.0,1337.0
2023,Q2,May,5,India,Home Care,BrandX,Pharmacy,Primary,2720.0,311.0,2409.0,1099.0,1310.0,436.0,874.0,1329,2239.0,170.0,2505.0
2023,Q2,May,5,India,Personal Care,BrandY,Modern Trade,Primary,1682.0,142.0,1540.0,732.0,808.0,237.0,571.0,1171,1573.0,-33.0,1435.0
2023,Q2,May,5,India,Health & Nutrition,BrandX,Modern Trade,Secondary,2134.0,272.0,1862.0,795.0,1067.0,347.0,720.0,2527,1861.0,1.0,1911.0
2023,Q2,May,5,UAE,Home Care,BrandY,B2B,Primary,2141.0,266.0,1875.0,963.0,912.0,309.0,603.0,1449,1948.0,-73.0,1700.0
2023,Q2,May,5,UAE,Personal Care,BrandX,Modern Trade,Primary,806.0,86.0,720.0,339.0,381.0,123.0,258.0,1541,754.0,-34.0,720.0
2023,Q2,May,5,UAE,Health & Nutrition,BrandY,Modern Trade,Primary,2833.0,361.0,2472.0,1174.0,1298.0,485.0,813.0,4701,2463.0,9.0,2404.0
2023,Q2,May,5,South Africa,Home Care,BrandZ,E-Commerce,Secondary,2619.0,221.0,2398.0,1007.0,1391.0,411.0,980.0,3870,2452.0,-54.0,2228.0
2023,Q2,May,5,South Africa,Personal Care,BrandX,Pharmacy,Secondary,2339.0,319.0,2020.0,929.0,1091.0,373.0,718.0,861,1873.0,147.0,1926.0
2023,Q2,May,5,South Africa,Health & Nutrition,BrandY,B2B,Primary,1001.0,138.0,863.0,432.0,431.0,164.0,267.0,4778,949.0,-86.0,858.0
2023,Q2,Jun,6,Australia,Home Care,BrandY,Modern Trade,Primary,1835.0,219.0,1616.0,824.0,792.0,263.0,529.0,3133,1671.0,-55.0,1557.0
2023,Q2,Jun,6,Australia,Personal Care,BrandX,Pharmacy,Secondary,1698.0,169.0,1529.0,631.0,898.0,247.0,651.0,2352,1543.0,-14.0,1518.0
2023,Q2,Jun,6,Australia,Health & Nutrition,BrandY,Modern Trade,Secondary,994.0,95.0,899.0,372.0,527.0,183.0,344.0,4392,961.0,-62.0,791.0
2023,Q2,Jun,6,New Zealand,Home Care,BrandZ,Pharmacy,Secondary,919.0,102.0,817.0,388.0,429.0,151.0,278.0,2489,759.0,58.0,756.0
2023,Q2,Jun,6,New Zealand,Personal Care,BrandX,B2B,Secondary,2738.0,299.0,2439.0,984.0,1455.0,473.0,982.0,4096,2555.0,-116.0,2275.0
2023,Q2,Jun,6,New Zealand,Health & Nutrition,BrandX,Pharmacy,Primary,1294.0,169.0,1125.0,465.0,660.0,243.0,417.0,3414,1066.0,59.0,1168.0
2023,Q2,Jun,6,India,Home Care,BrandY,B2B,Secondary,2636.0,366.0,2270.0,974.0,1296.0,428.0,868.0,2226,2465.0,-195.0,2194.0
2023,Q2,Jun,6,India,Personal Care,BrandX,Modern Trade,Secondary,2500.0,328.0,2172.0,957.0,1215.0,446.0,769.0,1702,1999.0,173.0,2179.0
2023,Q2,Jun,6,India,Health & Nutrition,BrandZ,Pharmacy,Primary,1782.0,194.0,1588.0,699.0,889.0,323.0,566.0,2197,1728.0,-140.0,1632.0
2023,Q2,Jun,6,UAE,Home Care,BrandZ,E-Commerce,Secondary,1314.0,166.0,1148.0,465.0,683.0,232.0,451.0,3673,1224.0,-76.0,1086.0
2023,Q2,Jun,6,UAE,Personal Care,BrandZ,E-Commerce,Secondary,2923.0,256.0,2667.0,1376.0,1291.0,462.0,829.0,951,2859.0,-192.0,2392.0
2023,Q2,Jun,6,UAE,Health & Nutrition,BrandY,Modern Trade,Primary,1702.0,203.0,1499.0,627.0,872.0,274.0,598.0,4861,1470.0,29.0,1496.0
2023,Q2,Jun,6,South Africa,Home Care,BrandZ,Modern Trade,Secondary,2675.0,352.0,2323.0,1035.0,1288.0,400.0,888.0,3734,2455.0,-132.0,2389.0
2023,Q2,Jun,6,South Africa,Personal Care,BrandX,Modern Trade,Primary,2189.0,296.0,1893.0,984.0,909.0,383.0,526.0,2452,1775.0,118.0,1870.0
2023,Q2,Jun,6,South Africa,Health & Nutrition,BrandX,Pharmacy,Primary,2327.0,312.0,2015.0,817.0,1198.0,415.0,783.0,1820,1990.0,25.0,1823.0
2023,Q3,Jul,7,Australia,Home Care,BrandZ,Pharmacy,Primary,1174.0,99.0,1075.0,542.0,533.0,208.0,325.0,1583,1166.0,-91.0,972.0
2023,Q3,Jul,7,Australia,Personal Care,BrandY,B2B,Secondary,1362.0,110.0,1252.0,622.0,630.0,267.0,363.0,3549,1187.0,65.0,1196.0
2023,Q3,Jul,7,Australia,Health & Nutrition,BrandY,B2B,Secondary,2319.0,249.0,2070.0,903.0,1167.0,455.0,712.0,4340,1944.0,126.0,1956.0
2023,Q3,Jul,7,New Zealand,Home Care,BrandY,B2B,Secondary,848.0,110.0,738.0,330.0,408.0,111.0,297.0,4392,782.0,-44.0,772.0
2023,Q3,Jul,7,New Zealand,Personal Care,BrandZ,Pharmacy,Secondary,2507.0,235.0,2272.0,1127.0,1145.0,376.0,769.0,1355,2193.0,79.0,2291.0
2023,Q3,Jul,7,New Zealand,Health & Nutrition,BrandZ,E-Commerce,Primary,2787.0,331.0,2456.0,1073.0,1383.0,444.0,939.0,3108,2583.0,-127.0,2199.0
2023,Q3,Jul,7,India,Home Care,BrandY,B2B,Secondary,1186.0,104.0,1082.0,503.0,579.0,236.0,343.0,2888,1173.0,-91.0,1105.0
2023,Q3,Jul,7,India,Personal Care,BrandY,Pharmacy,Secondary,2442.0,245.0,2197.0,909.0,1288.0,478.0,810.0,1133,2403.0,-206.0,2255.0
2023,Q3,Jul,7,India,Health & Nutrition,BrandZ,Pharmacy,Secondary,999.0,104.0,895.0,386.0,509.0,142.0,367.0,2158,944.0,-49.0,827.0
2023,Q3,Jul,7,UAE,Home Care,BrandY,B2B,Primary,2285.0,247.0,2038.0,967.0,1071.0,440.0,631.0,1976,2099.0,-61.0,2018.0
2023,Q3,Jul,7,UAE,Personal Care,BrandZ,Pharmacy,Secondary,2228.0,194.0,2034.0,825.0,1209.0,310.0,899.0,4981,1914.0,120.0,1871.0
2023,Q3,Jul,7,UAE,Health & Nutrition,BrandZ,E-Commerce,Secondary,1798.0,216.0,1582.0,774.0,808.0,342.0,466.0,2386,1667.0,-85.0,1434.0
2023,Q3,Jul,7,South Africa,Home Care,BrandY,Modern Trade,Secondary,2154.0,294.0,1860.0,806.0,1054.0,369.0,685.0,1477,1860.0,0.0,1711.0
2023,Q3,Jul,7,South Africa,Personal Care,BrandY,Modern Trade,Secondary,1998.0,277.0,1721.0,762.0,959.0,306.0,653.0,1354,1621.0,100.0,1763.0
2023,Q3,Jul,7,South Africa,Health & Nutrition,BrandY,Modern Trade,Primary,2212.0,256.0,1956.0,787.0,1169.0,401.0,768.0,1596,1844.0,112.0,1909.0
2023,Q3,Aug,8,Australia,Home Care,BrandX,E-Commerce,Primary,2589.0,243.0,2346.0,1156.0,1190.0,481.0,709.0,3181,2275.0,71.0,2457.0
2023,Q3,Aug,8,Australia,Personal Care,BrandX,B2B,Primary,1042.0,138.0,904.0,376.0,528.0,158.0,370.0,4047,927.0,-23.0,798.0
2023,Q3,Aug,8,Australia,Health & Nutrition,BrandY,Modern Trade,Primary,2432.0,271.0,2161.0,1058.0,1103.0,396.0,707.0,4001,2188.0,-27.0,1942.0
2023,Q3,Aug,8,New Zealand,Home Care,BrandZ,E-Commerce,Primary,2400.0,323.0,2077.0,995.0,1082.0,355.0,727.0,3395,1922.0,155.0,2180.0
2023,Q3,Aug,8,New Zealand,Personal Care,BrandY,Pharmacy,Primary,1879.0,253.0,1626.0,665.0,961.0,253.0,708.0,3237,1515.0,111.0,1507.0
2023,Q3,Aug,8,New Zealand,Health & Nutrition,BrandZ,B2B,Secondary,2988.0,334.0,2654.0,1206.0,1448.0,511.0,937.0,946,2777.0,-123.0,2720.0
2023,Q3,Aug,8,India,Home Care,BrandZ,E-Commerce,Secondary,1793.0,168.0,1625.0,716.0,909.0,295.0,614.0,2371,1523.0,102.0,1548.0
2023,Q3,Aug,8,India,Personal Care,BrandZ,B2B,Secondary,2898.0,351.0,2547.0,1164.0,1383.0,398.0,985.0,884,2541.0,6.0,2564.0
2023,Q3,Aug,8,India,Health & Nutrition,BrandY,E-Commerce,Primary,2090.0,238.0,1852.0,814.0,1038.0,294.0,744.0,2091,1926.0,-74.0,1866.0
2023,Q3,Aug,8,UAE,Home Care,BrandZ,Modern Trade,Secondary,2121.0,214.0,1907.0,895.0,1012.0,314.0,698.0,3455,1831.0,76.0,1713.0
2023,Q3,Aug,8,UAE,Personal Care,BrandZ,B2B,Primary,2478.0,284.0,2194.0,1090.0,1104.0,459.0,645.0,4885,2342.0,-148.0,2160.0
2023,Q3,Aug,8,UAE,Health & Nutrition,BrandZ,Modern Trade,Secondary,864.0,83.0,781.0,384.0,397.0,168.0,229.0,2079,744.0,37.0,706.0
2023,Q3,Aug,8,South Africa,Home Care,BrandZ,Pharmacy,Primary,1112.0,131.0,981.0,396.0,585.0,198.0,387.0,1468,977.0,4.0,920.0
2023,Q3,Aug,8,South Africa,Personal Care,BrandY,B2B,Secondary,2509.0,286.0,2223.0,912.0,1311.0,342.0,969.0,1208,2292.0,-69.0,2211.0
2023,Q3,Aug,8,South Africa,Health & Nutrition,BrandY,Pharmacy,Secondary,1868.0,199.0,1669.0,722.0,947.0,339.0,608.0,1012,1665.0,4.0,1549.0
2023,Q3,Sep,9,Australia,Home Care,BrandZ,Pharmacy,Secondary,900.0,93.0,807.0,381.0,426.0,121.0,305.0,1856,773.0,34.0,729.0
2023,Q3,Sep,9,Australia,Personal Care,BrandY,B2B,Secondary,1064.0,117.0,947.0,428.0,519.0,151.0,368.0,2896,910.0,37.0,923.0
2023,Q3,Sep,9,Australia,Health & Nutrition,BrandZ,B2B,Primary,1674.0,208.0,1466.0,663.0,803.0,267.0,536.0,850,1431.0,35.0,1397.0
2023,Q3,Sep,9,New Zealand,Home Care,BrandY,Pharmacy,Secondary,1053.0,86.0,967.0,424.0,543.0,199.0,344.0,3281,1034.0,-67.0,1002.0
2023,Q3,Sep,9,New Zealand,Personal Care,BrandX,Pharmacy,Primary,1335.0,154.0,1181.0,547.0,634.0,210.0,424.0,1896,1159.0,22.0,1106.0
2023,Q3,Sep,9,New Zealand,Health & Nutrition,BrandX,Modern Trade,Primary,1967.0,180.0,1787.0,881.0,906.0,312.0,594.0,4812,1852.0,-65.0,1617.0
2023,Q3,Sep,9,India,Home Care,BrandX,E-Commerce,Secondary,1234.0,143.0,1091.0,536.0,555.0,214.0,341.0,1297,1155.0,-64.0,1052.0
2023,Q3,Sep,9,India,Personal Care,BrandZ,Pharmacy,Secondary,2701.0,318.0,2383.0,996.0,1387.0,369.0,1018.0,2489,2322.0,61.0,2208.0
2023,Q3,Sep,9,India,Health & Nutrition,BrandX,B2B,Primary,1483.0,159.0,1324.0,539.0,785.0,276.0,509.0,845,1424.0,-100.0,1358.0
2023,Q3,Sep,9,UAE,Home Care,BrandZ,Pharmacy,Secondary,2077.0,285.0,1792.0,876.0,916.0,274.0,642.0,4590,1833.0,-41.0,1634.0
2023,Q3,Sep,9,UAE,Personal Care,BrandZ,Pharmacy,Primary,2907.0,311.0,2596.0,1291.0,1305.0,542.0,763.0,4920,2428.0,168.0,2570.0
2023,Q3,Sep,9,UAE,Health & Nutrition,BrandX,E-Commerce,Secondary,2980.0,332.0,2648.0,1253.0,1395.0,465.0,930.0,4630,2621.0,27.0,2679.0
2023,Q3,Sep,9,South Africa,Home Care,BrandZ,Modern Trade,Secondary,945.0,81.0,864.0,416.0,448.0,147.0,301.0,3756,897.0,-33.0,893.0
2023,Q3,Sep,9,South Africa,Personal Care,BrandX,B2B,Primary,2082.0,184.0,1898.0,839.0,1059.0,413.0,646.0,3643,1880.0,18.0,1862.0
2023,Q3,Sep,9,South Africa,Health & Nutrition,BrandX,B2B,Secondary,2216.0,221.0,1995.0,829.0,1166.0,397.0,769.0,4761,2193.0,-198.0,2065.0
2023,Q4,Oct,10,Australia,Home Care,BrandX,Pharmacy,Secondary,840.0,83.0,757.0,389.0,368.0,132.0,236.0,3947,723.0,34.0,795.0
2023,Q4,Oct,10,Australia,Personal Care,BrandX,Modern Trade,Secondary,2658.0,229.0,2429.0,1196.0,1233.0,506.0,727.0,4476,2251.0,178.0,2277.0
2023,Q4,Oct,10,Australia,Health & Nutrition,BrandZ,E-Commerce,Secondary,1139.0,103.0,1036.0,501.0,535.0,201.0,334.0,4561,1088.0,-52.0,919.0
2023,Q4,Oct,10,New Zealand,Home Care,BrandY,E-Commerce,Secondary,2143.0,268.0,1875.0,926.0,949.0,312.0,637.0,1576,2051.0,-176.0,1900.0
2023,Q4,Oct,10,New Zealand,Personal Care,BrandX,B2B,Secondary,1816.0,176.0,1640.0,731.0,909.0,307.0,602.0,4848,1750.0,-110.0,1667.0
2023,Q4,Oct,10,New Zealand,Health & Nutrition,BrandX,B2B,Primary,2211.0,293.0,1918.0,895.0,1023.0,301.0,722.0,4306,2058.0,-140.0,1781.0
2023,Q4,Oct,10,India,Home Care,BrandX,B2B,Secondary,2792.0,248.0,2544.0,1151.0,1393.0,550.0,843.0,1499,2547.0,-3.0,2390.0
2023,Q4,Oct,10,India,Personal Care,BrandX,Pharmacy,Primary,1672.0,171.0,1501.0,670.0,831.0,234.0,597.0,1510,1467.0,34.0,1346.0
2023,Q4,Oct,10,India,Health & Nutrition,BrandZ,B2B,Primary,1103.0,107.0,996.0,498.0,498.0,198.0,300.0,1124,1043.0,-47.0,952.0
2023,Q4,Oct,10,UAE,Home Care,BrandX,Modern Trade,Primary,1363.0,177.0,1186.0,553.0,633.0,238.0,395.0,2874,1115.0,71.0,1102.0
2023,Q4,Oct,10,UAE,Personal Care,BrandY,Modern Trade,Primary,1325.0,157.0,1168.0,554.0,614.0,180.0,434.0,4265,1180.0,-12.0,1134.0
2023,Q4,Oct,10,UAE,Health & Nutrition,BrandZ,E-Commerce,Primary,1441.0,115.0,1326.0,587.0,739.0,252.0,487.0,1342,1379.0,-53.0,1285.0
2023,Q4,Oct,10,South Africa,Home Care,BrandY,Modern Trade,Primary,1659.0,180.0,1479.0,704.0,775.0,323.0,452.0,1641,1365.0,114.0,1500.0
2023,Q4,Oct,10,South Africa,Personal Care,BrandY,E-Commerce,Primary,2497.0,310.0,2187.0,962.0,1225.0,335.0,890.0,2957,2332.0,-145.0,1990.0
2023,Q4,Oct,10,South Africa,Health & Nutrition,BrandZ,Pharmacy,Secondary,2190.0,282.0,1908.0,778.0,1130.0,390.0,740.0,2559,1856.0,52.0,1693.0
2023,Q4,Nov,11,Australia,Home Care,BrandX,Modern Trade,Secondary,2853.0,316.0,2537.0,1316.0,1221.0,477.0,744.0,1639,2678.0,-141.0,2315.0
2023,Q4,Nov,11,Australia,Personal Care,BrandY,Modern Trade,Secondary,1401.0,179.0,1222.0,553.0,669.0,218.0,451.0,2478,1335.0,-113.0,1146.0
2023,Q4,Nov,11,Australia,Health & Nutrition,BrandX,Pharmacy,Secondary,1608.0,206.0,1402.0,606.0,796.0,218.0,578.0,2410,1399.0,3.0,1471.0
2023,Q4,Nov,11,New Zealand,Home Care,BrandX,B2B,Secondary,1026.0,102.0,924.0,402.0,522.0,167.0,355.0,3729,878.0,46.0,883.0
2023,Q4,Nov,11,New Zealand,Personal Care,BrandY,Modern Trade,Secondary,2153.0,228.0,1925.0,918.0,1007.0,395.0,612.0,758,2004.0,-79.0,1827.0
2023,Q4,Nov,11,New Zealand,Health & Nutrition,BrandZ,E-Commerce,Primary,1114.0,130.0,984.0,486.0,498.0,150.0,348.0,802,1043.0,-59.0,927.0
2023,Q4,Nov,11,India,Home Care,BrandY,Modern Trade,Primary,2294.0,314.0,1980.0,880.0,1100.0,403.0,697.0,3082,2010.0,-30.0,1876.0
2023,Q4,Nov,11,India,Personal Care,BrandZ,B2B,Primary,2913.0,238.0,2675.0,1130.0,1545.0,498.0,1047.0,4610,2518.0,157.0,2706.0
2023,Q4,Nov,11,India,Health & Nutrition,BrandZ,Pharmacy,Primary,2992.0,291.0,2701.0,1377.0,1324.0,498.0,826.0,1051,2900.0,-199.0,2584.0
2023,Q4,Nov,11,UAE,Home Care,BrandZ,Pharmacy,Primary,2583.0,357.0,2226.0,1154.0,1072.0,438.0,634.0,3692,2268.0,-42.0,2069.0
2023,Q4,Nov,11,UAE,Personal Care,BrandY,E-Commerce,Primary,2546.0,281.0,2265.0,939.0,1326.0,372.0,954.0,1124,2406.0,-141.0,2003.0
2023,Q4,Nov,11,UAE,Health & Nutrition,BrandZ,B2B,Secondary,2568.0,290.0,2278.0,1078.0,1200.0,355.0,845.0,1891,2506.0,-228.0,2283.0
2023,Q4,Nov,11,South Africa,Home Care,BrandZ,Pharmacy,Secondary,2611.0,220.0,2391.0,1235.0,1156.0,466.0,690.0,2524,2492.0,-101.0,2244.0
2023,Q4,Nov,11,South Africa,Personal Care,BrandZ,E-Commerce,Primary,1752.0,236.0,1516.0,616.0,900.0,241.0,659.0,1188,1440.0,76.0,1417.0
2023,Q4,Nov,11,South Africa,Health & Nutrition,BrandZ,E-Commerce,Secondary,2884.0,321.0,2563.0,1113.0,1450.0,399.0,1051.0,1383,2799.0,-236.0,2375.0
2023,Q4,Dec,12,Australia,Home Care,BrandZ,B2B,Primary,1906.0,172.0,1734.0,890.0,844.0,279.0,565.0,3464,1820.0,-86.0,1704.0
2023,Q4,Dec,12,Australia,Personal Care,BrandZ,Modern Trade,Primary,979.0,134.0,845.0,416.0,429.0,142.0,287.0,1448,864.0,-19.0,832.0
2023,Q4,Dec,12,Australia,Health & Nutrition,BrandX,Pharmacy,Secondary,2212.0,217.0,1995.0,857.0,1138.0,412.0,726.0,2327,1998.0,-3.0,1989.0
2023,Q4,Dec,12,New Zealand,Home Care,BrandX,Pharmacy,Secondary,1865.0,172.0,1693.0,800.0,893.0,291.0,602.0,3732,1781.0,-88.0,1738.0
2023,Q4,Dec,12,New Zealand,Personal Care,BrandY,E-Commerce,Secondary,1933.0,167.0,1766.0,758.0,1008.0,280.0,728.0,2523,1670.0,96.0,1569.0
2023,Q4,Dec,12,New Zealand,Health & Nutrition,BrandY,Pharmacy,Primary,2918.0,391.0,2527.0,1257.0,1270.0,544.0,726.0,3745,2411.0,116.0,2292.0
2023,Q4,Dec,12,India,Home Care,BrandZ,Pharmacy,Secondary,2734.0,300.0,2434.0,1000.0,1434.0,432.0,1002.0,2557,2345.0,89.0,2383.0
2023,Q4,Dec,12,India,Personal Care,BrandX,Modern Trade,Secondary,1889.0,251.0,1638.0,784.0,854.0,300.0,554.0,2915,1757.0,-119.0,1561.0
2023,Q4,Dec,12,India,Health & Nutrition,BrandY,B2B,Secondary,1605.0,167.0,1438.0,674.0,764.0,235.0,529.0,2989,1342.0,96.0,1389.0
2023,Q4,Dec,12,UAE,Home Care,BrandZ,B2B,Primary,1083.0,93.0,990.0,440.0,550.0,217.0,333.0,3010,976.0,14.0,895.0
2023,Q4,Dec,12,UAE,Personal Care,BrandZ,Pharmacy,Primary,900.0,79.0,821.0,361.0,460.0,150.0,310.0,2556,845.0,-24.0,794.0
2023,Q4,Dec,12,UAE,Health & Nutrition,BrandY,B2B,Primary,1665.0,195.0,1470.0,737.0,733.0,282.0,451.0,2782,1487.0,-17.0,1416.0
2023,Q4,Dec,12,South Africa,Home Care,BrandZ,B2B,Secondary,2595.0,265.0,2330.0,1120.0,1210.0,509.0,701.0,3126,2478.0,-148.0,2338.0
2023,Q4,Dec,12,South Africa,Personal Care,BrandZ,Modern Trade,Secondary,1384.0,165.0,1219.0,630.0,589.0,232.0,357.0,1523,1133.0,86.0,1172.0
2023,Q4,Dec,12,South Africa,Health & Nutrition,BrandZ,Pharmacy,Primary,2608.0,247.0,2361.0,1107.0,1254.0,470.0,784.0,1358,2360.0,1.0,2246.0
2024,Q1,Jan,1,Australia,Home Care,BrandY,E-Commerce,Secondary,1904.0,222.0,1682.0,768.0,914.0,352.0,562.0,3773,1761.0,-79.0,1628.0
2024,Q1,Jan,1,Australia,Personal Care,BrandZ,B2B,Secondary,1956.0,193.0,1763.0,742.0,1021.0,377.0,644.0,2040,1734.0,29.0,1783.0
2024,Q1,Jan,1,Australia,Health & Nutrition,BrandZ,B2B,Secondary,1223.0,116.0,1107.0,517.0,590.0,183.0,407.0,4878,1078.0,29.0,1029.0
2024,Q1,Jan,1,New Zealand,Home Care,BrandX,Pharmacy,Secondary,1856.0,211.0,1645.0,842.0,803.0,330.0,473.0,1795,1683.0,-38.0,1600.0
2024,Q1,Jan,1,New Zealand,Personal Care,BrandY,B2B,Primary,1439.0,140.0,1299.0,631.0,668.0,226.0,442.0,2490,1255.0,44.0,1249.0
2024,Q1,Jan,1,New Zealand,Health & Nutrition,BrandX,B2B,Secondary,1102.0,129.0,973.0,458.0,515.0,162.0,353.0,3514,988.0,-15.0,962.0
2024,Q1,Jan,1,India,Home Care,BrandX,Modern Trade,Secondary,1527.0,165.0,1362.0,656.0,706.0,217.0,489.0,4840,1493.0,-131.0,1235.0
2024,Q1,Jan,1,India,Personal Care,BrandZ,Pharmacy,Secondary,2231.0,280.0,1951.0,848.0,1103.0,332.0,771.0,766,2065.0,-114.0,1933.0
2024,Q1,Jan,1,India,Health & Nutrition,BrandX,Modern Trade,Primary,1719.0,224.0,1495.0,766.0,729.0,228.0,501.0,4262,1587.0,-92.0,1363.0
2024,Q1,Jan,1,UAE,Home Care,BrandZ,B2B,Primary,820.0,94.0,726.0,300.0,426.0,159.0,267.0,1780,797.0,-71.0,706.0
2024,Q1,Jan,1,UAE,Personal Care,BrandY,E-Commerce,Secondary,1400.0,180.0,1220.0,536.0,684.0,245.0,439.0,3417,1280.0,-60.0,1077.0
2024,Q1,Jan,1,UAE,Health & Nutrition,BrandY,B2B,Primary,1186.0,156.0,1030.0,523.0,507.0,214.0,293.0,2818,964.0,66.0,1024.0
2024,Q1,Jan,1,South Africa,Home Care,BrandX,E-Commerce,Secondary,1512.0,143.0,1369.0,590.0,779.0,228.0,551.0,3891,1495.0,-126.0,1275.0
2024,Q1,Jan,1,South Africa,Personal Care,BrandZ,Modern Trade,Secondary,2238.0,272.0,1966.0,801.0,1165.0,311.0,854.0,1880,1952.0,14.0,1898.0
2024,Q1,Jan,1,South Africa,Health & Nutrition,BrandZ,B2B,Primary,2205.0,301.0,1904.0,846.0,1058.0,315.0,743.0,4808,1916.0,-12.0,1823.0
2024,Q1,Feb,2,Australia,Home Care,BrandZ,B2B,Secondary,2344.0,316.0,2028.0,996.0,1032.0,418.0,614.0,4215,2144.0,-116.0,2019.0
2024,Q1,Feb,2,Australia,Personal Care,BrandZ,Modern Trade,Secondary,1962.0,200.0,1762.0,899.0,863.0,278.0,585.0,4229,1907.0,-145.0,1611.0
2024,Q1,Feb,2,Australia,Health & Nutrition,BrandZ,E-Commerce,Primary,1522.0,169.0,1353.0,560.0,793.0,222.0,571.0,3124,1267.0,86.0,1308.0
2024,Q1,Feb,2,New Zealand,Home Care,BrandX,Pharmacy,Primary,1929.0,207.0,1722.0,701.0,1021.0,314.0,707.0,4131,1808.0,-86.0,1631.0
2024,Q1,Feb,2,New Zealand,Personal Care,BrandX,E-Commerce,Primary,900.0,91.0,809.0,330.0,479.0,178.0,301.0,4705,754.0,55.0,840.0
2024,Q1,Feb,2,New Zealand,Health & Nutrition,BrandX,B2B,Secondary,1196.0,105.0,1091.0,520.0,571.0,219.0,352.0,4837,1077.0,14.0,1125.0
2024,Q1,Feb,2,India,Home Care,BrandY,Pharmacy,Secondary,977.0,135.0,842.0,425.0,417.0,134.0,283.0,4371,793.0,49.0,883.0
2024,Q1,Feb,2,India,Personal Care,BrandY,E-Commerce,Primary,2637.0,331.0,2306.0,1193.0,1113.0,421.0,692.0,3735,2298.0,8.0,2178.0
2024,Q1,Feb,2,India,Health & Nutrition,BrandX,E-Commerce,Secondary,1562.0,151.0,1411.0,723.0,688.0,283.0,405.0,1007,1504.0,-93.0,1342.0
2024,Q1,Feb,2,UAE,Home Care,BrandX,E-Commerce,Primary,948.0,110.0,838.0,380.0,458.0,165.0,293.0,4424,808.0,30.0,744.0
2024,Q1,Feb,2,UAE,Personal Care,BrandY,E-Commerce,Primary,2460.0,311.0,2149.0,896.0,1253.0,472.0,781.0,1553,2332.0,-183.0,2102.0
2024,Q1,Feb,2,UAE,Health & Nutrition,BrandZ,B2B,Primary,1464.0,130.0,1334.0,639.0,695.0,221.0,474.0,1852,1242.0,92.0,1389.0
2024,Q1,Feb,2,South Africa,Home Care,BrandZ,E-Commerce,Secondary,2023.0,168.0,1855.0,819.0,1036.0,362.0,674.0,2215,1882.0,-27.0,1852.0
2024,Q1,Feb,2,South Africa,Personal Care,BrandY,E-Commerce,Secondary,1628.0,204.0,1424.0,651.0,773.0,298.0,475.0,1853,1491.0,-67.0,1448.0
2024,Q1,Feb,2,South Africa,Health & Nutrition,BrandX,Pharmacy,Secondary,2026.0,178.0,1848.0,793.0,1055.0,304.0,751.0,3410,2007.0,-159.0,1892.0
2024,Q1,Mar,3,Australia,Home Care,BrandX,E-Commerce,Primary,1391.0,168.0,1223.0,578.0,645.0,258.0,387.0,1346,1293.0,-70.0,1227.0
2024,Q1,Mar,3,Australia,Personal Care,BrandZ,E-Commerce,Secondary,1260.0,169.0,1091.0,476.0,615.0,233.0,382.0,1453,1041.0,50.0,1098.0
2024,Q1,Mar,3,Australia,Health & Nutrition,BrandZ,Pharmacy,Primary,2330.0,285.0,2045.0,915.0,1130.0,341.0,789.0,1947,1986.0,59.0,1962.0
2024,Q1,Mar,3,New Zealand,Home Care,BrandZ,B2B,Secondary,1375.0,152.0,1223.0,562.0,661.0,192.0,469.0,4915,1229.0,-6.0,1251.0
2024,Q1,Mar,3,New Zealand,Personal Care,BrandX,B2B,Secondary,1711.0,195.0,1516.0,647.0,869.0,243.0,626.0,1673,1650.0,-134.0,1483.0
2024,Q1,Mar,3,New Zealand,Health & Nutrition,BrandY,B2B,Primary,1232.0,116.0,1116.0,523.0,593.0,187.0,406.0,2977,1216.0,-100.0,1046.0
2024,Q1,Mar,3,India,Home Care,BrandY,Pharmacy,Secondary,1170.0,149.0,1021.0,429.0,592.0,205.0,387.0,2697,1108.0,-87.0,993.0
2024,Q1,Mar,3,India,Personal Care,BrandZ,Modern Trade,Primary,2646.0,223.0,2423.0,1207.0,1216.0,372.0,844.0,528,2289.0,134.0,2392.0
2024,Q1,Mar,3,India,Health & Nutrition,BrandX,E-Commerce,Primary,1281.0,138.0,1143.0,465.0,678.0,222.0,456.0,4702,1239.0,-96.0,1134.0
2024,Q1,Mar,3,UAE,Home Care,BrandX,Modern Trade,Secondary,826.0,92.0,734.0,318.0,416.0,160.0,256.0,577,783.0,-49.0,730.0
2024,Q1,Mar,3,UAE,Personal Care,BrandX,Modern Trade,Primary,1954.0,185.0,1769.0,839.0,930.0,297.0,633.0,2094,1881.0,-112.0,1580.0
2024,Q1,Mar,3,UAE,Health & Nutrition,BrandY,Pharmacy,Primary,2979.0,279.0,2700.0,1302.0,1398.0,565.0,833.0,3441,2901.0,-201.0,2725.0
2024,Q1,Mar,3,South Africa,Home Care,BrandX,Pharmacy,Secondary,1630.0,177.0,1453.0,692.0,761.0,289.0,472.0,872,1558.0,-105.0,1438.0
2024,Q1,Mar,3,South Africa,Personal Care,BrandY,Modern Trade,Primary,1305.0,175.0,1130.0,546.0,584.0,214.0,370.0,1719,1228.0,-98.0,1126.0
2024,Q1,Mar,3,South Africa,Health & Nutrition,BrandY,Modern Trade,Primary,2843.0,281.0,2562.0,1320.0,1242.0,490.0,752.0,3885,2686.0,-124.0,2428.0
2024,Q2,Apr,4,Australia,Home Care,BrandX,B2B,Primary,2041.0,233.0,1808.0,907.0,901.0,357.0,544.0,2932,1788.0,20.0,1818.0
2024,Q2,Apr,4,Australia,Personal Care,BrandZ,Modern Trade,Secondary,918.0,98.0,820.0,411.0,409.0,143.0,266.0,3960,895.0,-75.0,777.0
2024,Q2,Apr,4,Australia,Health & Nutrition,BrandY,Modern Trade,Secondary,2524.0,270.0,2254.0,963.0,1291.0,425.0,866.0,2189,2149.0,105.0,2208.0
2024,Q2,Apr,4,New Zealand,Home Care,BrandY,Modern Trade,Secondary,2556.0,314.0,2242.0,919.0,1323.0,361.0,962.0,3702,2318.0,-76.0,2255.0
2024,Q2,Apr,4,New Zealand,Personal Care,BrandY,B2B,Primary,1001.0,137.0,864.0,392.0,472.0,176.0,296.0,960,808.0,56.0,824.0
2024,Q2,Apr,4,New Zealand,Health & Nutrition,BrandZ,Pharmacy,Primary,858.0,87.0,771.0,317.0,454.0,148.0,306.0,1959,763.0,8.0,717.0
2024,Q2,Apr,4,India,Home Care,BrandY,Modern Trade,Primary,2058.0,186.0,1872.0,834.0,1038.0,299.0,739.0,1855,1888.0,-16.0,1667.0
2024,Q2,Apr,4,India,Personal Care,BrandY,B2B,Secondary,1459.0,185.0,1274.0,565.0,709.0,275.0,434.0,3744,1286.0,-12.0,1255.0
2024,Q2,Apr,4,India,Health & Nutrition,BrandY,Modern Trade,Primary,1470.0,201.0,1269.0,558.0,711.0,245.0,466.0,4118,1243.0,26.0,1189.0
2024,Q2,Apr,4,UAE,Home Care,BrandZ,E-Commerce,Secondary,1505.0,206.0,1299.0,551.0,748.0,223.0,525.0,4840,1422.0,-123.0,1207.0
2024,Q2,Apr,4,UAE,Personal Care,BrandZ,Pharmacy,Primary,1517.0,147.0,1370.0,677.0,693.0,241.0,452.0,4694,1310.0,60.0,1438.0
2024,Q2,Apr,4,UAE,Health & Nutrition,BrandX,Modern Trade,Secondary,2875.0,266.0,2609.0,1293.0,1316.0,543.0,773.0,811,2798.0,-189.0,2649.0
2024,Q2,Apr,4,South Africa,Home Care,BrandZ,Pharmacy,Primary,2193.0,207.0,1986.0,951.0,1035.0,397.0,638.0,4050,1854.0,132.0,2082.0
2024,Q2,Apr,4,South Africa,Personal Care,BrandY,Pharmacy,Secondary,1996.0,254.0,1742.0,772.0,970.0,370.0,600.0,2916,1803.0,-61.0,1558.0
2024,Q2,Apr,4,South Africa,Health & Nutrition,BrandX,B2B,Primary,2223.0,184.0,2039.0,1056.0,983.0,403.0,580.0,2298,2152.0,-113.0,2129.0
2024,Q2,May,5,Australia,Home Care,BrandY,Modern Trade,Primary,1017.0,95.0,922.0,451.0,471.0,174.0,297.0,3594,885.0,37.0,870.0
2024,Q2,May,5,Australia,Personal Care,BrandY,E-Commerce,Secondary,2995.0,326.0,2669.0,1162.0,1507.0,572.0,935.0,886,2855.0,-186.0,2680.0
2024,Q2,May,5,Australia,Health & Nutrition,BrandY,B2B,Secondary,1802.0,167.0,1635.0,749.0,886.0,300.0,586.0,2471,1709.0,-74.0,1527.0
2024,Q2,May,5,New Zealand,Home Care,BrandY,Modern Trade,Primary,850.0,85.0,765.0,316.0,449.0,158.0,291.0,4684,806.0,-41.0,740.0
2024,Q2,May,5,New Zealand,Personal Care,BrandZ,E-Commerce,Secondary,2032.0,279.0,1753.0,750.0,1003.0,313.0,690.0,1330,1815.0,-62.0,1671.0
2024,Q2,May,5,New Zealand,Health & Nutrition,BrandX,E-Commerce,Secondary,2103.0,217.0,1886.0,914.0,972.0,310.0,662.0,3885,2010.0,-124.0,1680.0
2024,Q2,May,5,India,Home Care,BrandX,E-Commerce,Secondary,1517.0,163.0,1354.0,584.0,770.0,285.0,485.0,2874,1401.0,-47.0,1329.0
2024,Q2,May,5,India,Personal Care,BrandZ,Pharmacy,Primary,1565.0,205.0,1360.0,645.0,715.0,281.0,434.0,3676,1324.0,36.0,1339.0
2024,Q2,May,5,India,Health & Nutrition,BrandX,E-Commerce,Secondary,1059.0,104.0,955.0,403.0,552.0,190.0,362.0,2798,950.0,5.0,863.0
2024,Q2,May,5,UAE,Home Care,BrandY,Pharmacy,Primary,1871.0,210.0,1661.0,848.0,813.0,357.0,456.0,1279,1578.0,83.0,1543.0
2024,Q2,May,5,UAE,Personal Care,BrandX,B2B,Secondary,2163.0,285.0,1878.0,966.0,912.0,345.0,567.0,1378,1858.0,20.0,1832.0
2024,Q2,May,5,UAE,Health & Nutrition,BrandZ,Pharmacy,Secondary,2306.0,242.0,2064.0,1034.0,1030.0,380.0,650.0,872,1910.0,154.0,2083.0
2024,Q2,May,5,South Africa,Home Care,BrandY,Modern Trade,Secondary,1295.0,126.0,1169.0,577.0,592.0,222.0,370.0,3976,1180.0,-11.0,1130.0
2024,Q2,May,5,South Africa,Personal Care,BrandZ,Modern Trade,Secondary,2505.0,324.0,2181.0,968.0,1213.0,453.0,760.0,687,2289.0,-108.0,2122.0
2024,Q2,May,5,South Africa,Health & Nutrition,BrandY,Modern Trade,Primary,1455.0,204.0,1251.0,568.0,683.0,218.0,465.0,4175,1250.0,1.0,1312.0
2024,Q2,Jun,6,Australia,Home Care,BrandX,E-Commerce,Secondary,2694.0,314.0,2380.0,1074.0,1306.0,460.0,846.0,4031,2538.0,-158.0,2420.0
2024,Q2,Jun,6,Australia,Personal Care,BrandZ,B2B,Secondary,2113.0,190.0,1923.0,995.0,928.0,328.0,600.0,3077,2099.0,-176.0,1860.0
2024,Q2,Jun,6,Australia,Health & Nutrition,BrandZ,Modern Trade,Primary,2918.0,371.0,2547.0,1300.0,1247.0,559.0,688.0,4401,2401.0,146.0,2616.0
2024,Q2,Jun,6,New Zealand,Home Care,BrandX,E-Commerce,Secondary,2623.0,330.0,2293.0,1103.0,1190.0,423.0,767.0,3098,2220.0,73.0,2179.0
2024,Q2,Jun,6,New Zealand,Personal Care,BrandY,Modern Trade,Primary,1686.0,211.0,1475.0,713.0,762.0,312.0,450.0,2546,1487.0,-12.0,1444.0
2024,Q2,Jun,6,New Zealand,Health & Nutrition,BrandZ,Modern Trade,Secondary,2197.0,268.0,1929.0,968.0,961.0,397.0,564.0,2289,2111.0,-182.0,1968.0
2024,Q2,Jun,6,India,Home Care,BrandY,B2B,Secondary,2622.0,263.0,2359.0,1107.0,1252.0,447.0,805.0,2684,2316.0,43.0,2350.0
2024,Q2,Jun,6,India,Personal Care,BrandX,Modern Trade,Primary,2178.0,284.0,1894.0,761.0,1133.0,407.0,726.0,1210,1898.0,-4.0,1986.0
2024,Q2,Jun,6,India,Health & Nutrition,BrandY,E-Commerce,Primary,2741.0,269.0,2472.0,1248.0,1224.0,522.0,702.0,920,2435.0,37.0,2210.0
2024,Q2,Jun,6,UAE,Home Care,BrandZ,E-Commerce,Primary,1672.0,164.0,1508.0,730.0,778.0,251.0,527.0,3449,1578.0,-70.0,1327.0
2024,Q2,Jun,6,UAE,Personal Care,BrandY,Modern Trade,Primary,2106.0,234.0,1872.0,849.0,1023.0,282.0,741.0,2046,1763.0,109.0,1921.0
2024,Q2,Jun,6,UAE,Health & Nutrition,BrandZ,E-Commerce,Secondary,956.0,98.0,858.0,418.0,440.0,135.0,305.0,1910,925.0,-67.0,775.0
2024,Q2,Jun,6,South Africa,Home Care,BrandX,E-Commerce,Primary,1967.0,158.0,1809.0,865.0,944.0,327.0,617.0,3750,1869.0,-60.0,1638.0
2024,Q2,Jun,6,South Africa,Personal Care,BrandY,Pharmacy,Primary,991.0,85.0,906.0,444.0,462.0,173.0,289.0,2228,991.0,-85.0,846.0
2024,Q2,Jun,6,South Africa,Health & Nutrition,BrandX,E-Commerce,Secondary,2218.0,210.0,2008.0,948.0,1060.0,403.0,657.0,1782,2188.0,-180.0,1776.0
2024,Q3,Jul,7,Australia,Home Care,BrandZ,B2B,Primary,1939.0,214.0,1725.0,845.0,880.0,294.0,586.0,745,1866.0,-141.0,1798.0
2024,Q3,Jul,7,Australia,Personal Care,BrandY,Pharmacy,Primary,1330.0,157.0,1173.0,479.0,694.0,249.0,445.0,554,1155.0,18.0,1095.0
2024,Q3,Jul,7,Australia,Health & Nutrition,BrandY,Pharmacy,Secondary,2002.0,181.0,1821.0,831.0,990.0,399.0,591.0,828,1868.0,-47.0,1607.0
2024,Q3,Jul,7,New Zealand,Home Care,BrandX,Modern Trade,Primary,2887.0,300.0,2587.0,1124.0,1463.0,517.0,946.0,3951,2577.0,10.0,2453.0
2024,Q3,Jul,7,New Zealand,Personal Care,BrandZ,E-Commerce,Secondary,984.0,83.0,901.0,460.0,441.0,197.0,244.0,1199,882.0,19.0,883.0
2024,Q3,Jul,7,New Zealand,Health & Nutrition,BrandZ,Modern Trade,Secondary,2337.0,289.0,2048.0,1027.0,1021.0,316.0,705.0,887,2044.0,4.0,1960.0
2024,Q3,Jul,7,India,Home Care,BrandZ,Modern Trade,Secondary,2265.0,271.0,1994.0,840.0,1154.0,301.0,853.0,1117,1839.0,155.0,1923.0
2024,Q3,Jul,7,India,Personal Care,BrandY,B2B,Primary,1618.0,202.0,1416.0,715.0,701.0,285.0,416.0,1031,1532.0,-116.0,1327.0
2024,Q3,Jul,7,India,Health & Nutrition,BrandY,B2B,Primary,1378.0,191.0,1187.0,564.0,623.0,219.0,404.0,2798,1104.0,83.0,1218.0
2024,Q3,Jul,7,UAE,Home Care,BrandX,B2B,Primary,1361.0,117.0,1244.0,583.0,661.0,250.0,411.0,1527,1258.0,-14.0,1104.0
2024,Q3,Jul,7,UAE,Personal Care,BrandX,E-Commerce,Primary,1838.0,189.0,1649.0,689.0,960.0,355.0,605.0,4358,1681.0,-32.0,1707.0
2024,Q3,Jul,7,UAE,Health & Nutrition,BrandZ,Pharmacy,Primary,1508.0,158.0,1350.0,657.0,693.0,228.0,465.0,850,1333.0,17.0,1303.0
2024,Q3,Jul,7,South Africa,Home Care,BrandX,E-Commerce,Primary,2570.0,357.0,2213.0,1139.0,1074.0,343.0,731.0,2592,2148.0,65.0,2265.0
2024,Q3,Jul,7,South Africa,Personal Care,BrandY,Modern Trade,Secondary,818.0,75.0,743.0,347.0,396.0,127.0,269.0,3302,746.0,-3.0,729.0
2024,Q3,Jul,7,South Africa,Health & Nutrition,BrandY,E-Commerce,Primary,1131.0,154.0,977.0,394.0,583.0,184.0,399.0,3361,1021.0,-44.0,861.0
2024,Q3,Aug,8,Australia,Home Care,BrandY,Modern Trade,Secondary,2668.0,330.0,2338.0,964.0,1374.0,437.0,937.0,1571,2358.0,-20.0,2081.0
2024,Q3,Aug,8,Australia,Personal Care,BrandX,B2B,Primary,897.0,84.0,813.0,408.0,405.0,145.0,260.0,4530,815.0,-2.0,819.0
2024,Q3,Aug,8,Australia,Health & Nutrition,BrandZ,Modern Trade,Primary,2202.0,228.0,1974.0,930.0,1044.0,305.0,739.0,3480,1863.0,111.0,1835.0
2024,Q3,Aug,8,New Zealand,Home Care,BrandY,Pharmacy,Secondary,1500.0,144.0,1356.0,555.0,801.0,223.0,578.0,4009,1390.0,-34.0,1229.0
2024,Q3,Aug,8,New Zealand,Personal Care,BrandX,Pharmacy,Secondary,1491.0,130.0,1361.0,603.0,758.0,278.0,480.0,2533,1366.0,-5.0,1395.0
2024,Q3,Aug,8,New Zealand,Health & Nutrition,BrandX,E-Commerce,Secondary,2618.0,319.0,2299.0,931.0,1368.0,479.0,889.0,1975,2153.0,146.0,2120.0
2024,Q3,Aug,8,India,Home Care,BrandY,Pharmacy,Primary,2290.0,219.0,2071.0,1075.0,996.0,315.0,681.0,2319,2074.0,-3.0,2086.0
2024,Q3,Aug,8,India,Personal Care,BrandX,Modern Trade,Secondary,1024.0,131.0,893.0,370.0,523.0,138.0,385.0,4014,857.0,36.0,816.0
2024,Q3,Aug,8,India,Health & Nutrition,BrandY,B2B,Primary,2081.0,199.0,1882.0,936.0,946.0,285.0,661.0,790,2037.0,-155.0,1798.0
2024,Q3,Aug,8,UAE,Home Care,BrandX,Modern Trade,Secondary,1070.0,146.0,924.0,375.0,549.0,198.0,351.0,2449,971.0,-47.0,891.0
2024,Q3,Aug,8,UAE,Personal Care,BrandY,Pharmacy,Primary,1579.0,212.0,1367.0,592.0,775.0,248.0,527.0,1168,1409.0,-42.0,1346.0
2024,Q3,Aug,8,UAE,Health & Nutrition,BrandZ,B2B,Secondary,1706.0,193.0,1513.0,616.0,897.0,257.0,640.0,1117,1446.0,67.0,1559.0
2024,Q3,Aug,8,South Africa,Home Care,BrandZ,E-Commerce,Primary,2977.0,378.0,2599.0,1152.0,1447.0,489.0,958.0,2681,2818.0,-219.0,2509.0
2024,Q3,Aug,8,South Africa,Personal Care,BrandY,B2B,Primary,857.0,99.0,758.0,306.0,452.0,157.0,295.0,1764,808.0,-50.0,728.0
2024,Q3,Aug,8,South Africa,Health & Nutrition,BrandY,E-Commerce,Primary,1020.0,122.0,898.0,388.0,510.0,186.0,324.0,4627,835.0,63.0,942.0
2024,Q3,Sep,9,Australia,Home Care,BrandX,Pharmacy,Secondary,2857.0,399.0,2458.0,1034.0,1424.0,409.0,1015.0,1931,2588.0,-130.0,2313.0
2024,Q3,Sep,9,Australia,Personal Care,BrandZ,Modern Trade,Secondary,2885.0,328.0,2557.0,1196.0,1361.0,417.0,944.0,4946,2758.0,-201.0,2464.0
2024,Q3,Sep,9,Australia,Health & Nutrition,BrandY,E-Commerce,Secondary,884.0,74.0,810.0,382.0,428.0,123.0,305.0,2650,794.0,16.0,797.0
2024,Q3,Sep,9,New Zealand,Home Care,BrandX,B2B,Primary,2821.0,369.0,2452.0,1076.0,1376.0,372.0,1004.0,3139,2661.0,-209.0,2481.0
2024,Q3,Sep,9,New Zealand,Personal Care,BrandZ,B2B,Primary,1622.0,221.0,1401.0,627.0,774.0,220.0,554.0,1857,1323.0,78.0,1270.0
2024,Q3,Sep,9,New Zealand,Health & Nutrition,BrandY,Pharmacy,Secondary,1183.0,163.0,1020.0,493.0,527.0,219.0,308.0,4041,979.0,41.0,1000.0
2024,Q3,Sep,9,India,Home Care,BrandX,Pharmacy,Secondary,2415.0,236.0,2179.0,918.0,1261.0,327.0,934.0,3659,2229.0,-50.0,2233.0
2024,Q3,Sep,9,India,Personal Care,BrandZ,Modern Trade,Primary,2125.0,287.0,1838.0,949.0,889.0,304.0,585.0,3044,2001.0,-163.0,1661.0
2024,Q3,Sep,9,India,Health & Nutrition,BrandZ,Modern Trade,Primary,1563.0,155.0,1408.0,671.0,737.0,306.0,431.0,4197,1465.0,-57.0,1414.0
2024,Q3,Sep,9,UAE,Home Care,BrandY,Pharmacy,Primary,1383.0,131.0,1252.0,511.0,741.0,210.0,531.0,986,1152.0,100.0,1184.0
2024,Q3,Sep,9,UAE,Personal Care,BrandZ,Pharmacy,Primary,2746.0,301.0,2445.0,1089.0,1356.0,460.0,896.0,956,2460.0,-15.0,2511.0
2024,Q3,Sep,9,UAE,Health & Nutrition,BrandZ,E-Commerce,Primary,1793.0,229.0,1564.0,632.0,932.0,237.0,695.0,1675,1468.0,96.0,1467.0
2024,Q3,Sep,9,South Africa,Home Care,BrandY,E-Commerce,Primary,2004.0,268.0,1736.0,714.0,1022.0,333.0,689.0,3261,1748.0,-12.0,1537.0
2024,Q3,Sep,9,South Africa,Personal Care,BrandZ,E-Commerce,Secondary,1146.0,99.0,1047.0,445.0,602.0,171.0,431.0,3637,1099.0,-52.0,1051.0
2024,Q3,Sep,9,South Africa,Health & Nutrition,BrandY,B2B,Secondary,1323.0,110.0,1213.0,568.0,645.0,253.0,392.0,1191,1195.0,18.0,1156.0
2024,Q4,Oct,10,Australia,Home Care,BrandY,Pharmacy,Primary,1013.0,94.0,919.0,438.0,481.0,201.0,280.0,2631,865.0,54.0,931.0
2024,Q4,Oct,10,Australia,Personal Care,BrandY,Pharmacy,Secondary,1001.0,113.0,888.0,375.0,513.0,188.0,325.0,2162,888.0,0.0,821.0
2024,Q4,Oct,10,Australia,Health & Nutrition,BrandY,B2B,Primary,2642.0,301.0,2341.0,979.0,1362.0,465.0,897.0,935,2435.0,-94.0,2382.0
2024,Q4,Oct,10,New Zealand,Home Care,BrandY,E-Commerce,Primary,2650.0,342.0,2308.0,1039.0,1269.0,433.0,836.0,4401,2321.0,-13.0,2377.0
2024,Q4,Oct,10,New Zealand,Personal Care,BrandY,B2B,Primary,1669.0,219.0,1450.0,586.0,864.0,275.0,589.0,2825,1483.0,-33.0,1518.0
2024,Q4,Oct,10,New Zealand,Health & Nutrition,BrandX,Modern Trade,Secondary,1180.0,164.0,1016.0,525.0,491.0,210.0,281.0,1067,1012.0,4.0,1065.0
2024,Q4,Oct,10,India,Home Care,BrandY,E-Commerce,Primary,2635.0,252.0,2383.0,1214.0,1169.0,510.0,659.0,801,2359.0,24.0,2258.0
2024,Q4,Oct,10,India,Personal Care,BrandY,B2B,Secondary,2818.0,228.0,2590.0,1254.0,1336.0,495.0,841.0,4017,2435.0,155.0,2345.0
2024,Q4,Oct,10,India,Health & Nutrition,BrandZ,Modern Trade,Primary,2038.0,175.0,1863.0,809.0,1054.0,349.0,705.0,2047,1852.0,11.0,1761.0
2024,Q4,Oct,10,UAE,Home Care,BrandY,Pharmacy,Primary,1179.0,123.0,1056.0,501.0,555.0,209.0,346.0,2307,1047.0,9.0,1087.0
2024,Q4,Oct,10,UAE,Personal Care,BrandZ,E-Commerce,Primary,2441.0,330.0,2111.0,1072.0,1039.0,320.0,719.0,4178,2057.0,54.0,1958.0
2024,Q4,Oct,10,UAE,Health & Nutrition,BrandY,Modern Trade,Primary,1096.0,152.0,944.0,428.0,516.0,196.0,320.0,1712,939.0,5.0,934.0
2024,Q4,Oct,10,South Africa,Home Care,BrandX,Pharmacy,Primary,2810.0,293.0,2517.0,1153.0,1364.0,469.0,895.0,2182,2341.0,176.0,2554.0
2024,Q4,Oct,10,South Africa,Personal Care,BrandX,B2B,Secondary,1098.0,144.0,954.0,482.0,472.0,145.0,327.0,1367,1021.0,-67.0,975.0
2024,Q4,Oct,10,South Africa,Health & Nutrition,BrandX,Modern Trade,Secondary,911.0,93.0,818.0,347.0,471.0,144.0,327.0,2588,811.0,7.0,848.0
2024,Q4,Nov,11,Australia,Home Care,BrandZ,Modern Trade,Primary,1619.0,187.0,1432.0,603.0,829.0,302.0,527.0,3140,1408.0,24.0,1300.0
2024,Q4,Nov,11,Australia,Personal Care,BrandY,Modern Trade,Secondary,860.0,71.0,789.0,396.0,393.0,161.0,232.0,1464,757.0,32.0,725.0
2024,Q4,Nov,11,Australia,Health & Nutrition,BrandX,B2B,Secondary,1929.0,254.0,1675.0,864.0,811.0,331.0,480.0,2633,1581.0,94.0,1523.0
2024,Q4,Nov,11,New Zealand,Home Care,BrandX,E-Commerce,Secondary,2138.0,292.0,1846.0,896.0,950.0,369.0,581.0,1739,1996.0,-150.0,1892.0
2024,Q4,Nov,11,New Zealand,Personal Care,BrandY,B2B,Primary,1827.0,220.0,1607.0,802.0,805.0,286.0,519.0,960,1626.0,-19.0,1595.0
2024,Q4,Nov,11,New Zealand,Health & Nutrition,BrandY,B2B,Secondary,2306.0,251.0,2055.0,905.0,1150.0,348.0,802.0,1963,1993.0,62.0,2038.0
2024,Q4,Nov,11,India,Home Care,BrandZ,B2B,Primary,1130.0,142.0,988.0,502.0,486.0,204.0,282.0,4110,1016.0,-28.0,980.0
2024,Q4,Nov,11,India,Personal Care,BrandZ,E-Commerce,Primary,2242.0,314.0,1928.0,831.0,1097.0,346.0,751.0,2247,1786.0,142.0,1929.0
2024,Q4,Nov,11,India,Health & Nutrition,BrandZ,E-Commerce,Secondary,2398.0,224.0,2174.0,1009.0,1165.0,446.0,719.0,4579,2263.0,-89.0,2101.0
2024,Q4,Nov,11,UAE,Home Care,BrandX,E-Commerce,Secondary,1015.0,89.0,926.0,399.0,527.0,191.0,336.0,3933,882.0,44.0,922.0
2024,Q4,Nov,11,UAE,Personal Care,BrandY,Modern Trade,Primary,1582.0,197.0,1385.0,605.0,780.0,284.0,496.0,1990,1339.0,46.0,1288.0
2024,Q4,Nov,11,UAE,Health & Nutrition,BrandX,Pharmacy,Primary,2706.0,311.0,2395.0,1229.0,1166.0,371.0,795.0,4502,2419.0,-24.0,2461.0
2024,Q4,Nov,11,South Africa,Home Care,BrandY,B2B,Secondary,919.0,121.0,798.0,332.0,466.0,131.0,335.0,2341,816.0,-18.0,825.0
2024,Q4,Nov,11,South Africa,Personal Care,BrandY,E-Commerce,Secondary,2697.0,245.0,2452.0,1005.0,1447.0,425.0,1022.0,4939,2394.0,58.0,2182.0
2024,Q4,Nov,11,South Africa,Health & Nutrition,BrandY,B2B,Primary,2475.0,223.0,2252.0,1107.0,1145.0,415.0,730.0,3936,2108.0,144.0,2217.0
2024,Q4,Dec,12,Australia,Home Care,BrandZ,Pharmacy,Secondary,1744.0,189.0,1555.0,623.0,932.0,291.0,641.0,3787,1697.0,-142.0,1604.0
2024,Q4,Dec,12,Australia,Personal Care,BrandZ,E-Commerce,Primary,2289.0,269.0,2020.0,868.0,1152.0,401.0,751.0,2049,1905.0,115.0,1909.0
2024,Q4,Dec,12,Australia,Health & Nutrition,BrandZ,B2B,Primary,944.0,78.0,866.0,445.0,421.0,158.0,263.0,2841,878.0,-12.0,826.0
2024,Q4,Dec,12,New Zealand,Home Care,BrandZ,E-Commerce,Secondary,2992.0,327.0,2665.0,1306.0,1359.0,431.0,928.0,4581,2841.0,-176.0,2354.0
2024,Q4,Dec,12,New Zealand,Personal Care,BrandX,E-Commerce,Primary,2415.0,279.0,2136.0,898.0,1238.0,375.0,863.0,3427,1979.0,157.0,2198.0
2024,Q4,Dec,12,New Zealand,Health & Nutrition,BrandY,Modern Trade,Primary,2256.0,269.0,1987.0,800.0,1187.0,394.0,793.0,2375,1964.0,23.0,1933.0
2024,Q4,Dec,12,India,Home Care,BrandY,E-Commerce,Primary,2329.0,274.0,2055.0,896.0,1159.0,403.0,756.0,3481,1990.0,65.0,2020.0
2024,Q4,Dec,12,India,Personal Care,BrandX,Pharmacy,Primary,1925.0,225.0,1700.0,738.0,962.0,348.0,614.0,2739,1750.0,-50.0,1721.0
2024,Q4,Dec,12,India,Health & Nutrition,BrandZ,E-Commerce,Secondary,2348.0,229.0,2119.0,858.0,1261.0,391.0,870.0,1434,2305.0,-186.0,1984.0
2024,Q4,Dec,12,UAE,Home Care,BrandX,Modern Trade,Primary,2795.0,364.0,2431.0,1168.0,1263.0,390.0,873.0,905,2460.0,-29.0,2438.0
2024,Q4,Dec,12,UAE,Personal Care,BrandX,B2B,Primary,1805.0,250.0,1555.0,671.0,884.0,239.0,645.0,4159,1675.0,-120.0,1594.0
2024,Q4,Dec,12,UAE,Health & Nutrition,BrandY,B2B,Secondary,2425.0,208.0,2217.0,1089.0,1128.0,340.0,788.0,4333,2304.0,-87.0,2015.0
2024,Q4,Dec,12,South Africa,Home Care,BrandY,Pharmacy,Secondary,2733.0,234.0,2499.0,1244.0,1255.0,407.0,848.0,2303,2732.0,-233.0,2315.0
2024,Q4,Dec,12,South Africa,Personal Care,BrandY,Pharmacy,Secondary,2227.0,285.0,1942.0,803.0,1139.0,386.0,753.0,763,2116.0,-174.0,1762.0
2024,Q4,Dec,12,South Africa,Health & Nutrition,BrandY,Pharmacy,Secondary,1199.0,123.0,1076.0,477.0,599.0,164.0,435.0,3580,1152.0,-76.0,1125.0
